{"classes":[
{"type_name":"小说全集","type_id":"小说全集"},
{"type_name":"有声书","type_id":"有声书"},
{"type_name":"有声小说","type_id":"有声小说"},
{"type_name":"听小说","type_id":"听小说"},
{"type_name":"都市修仙","type_id":"都市修仙"},
{"type_name":"大奉打更人","type_id":"大奉打更人"},
{"type_name":"凡人修仙传完结","type_id":"凡人修仙传完结"},
{"type_name":"遮天","type_id":"遮天"},
{"type_name":"吞噬星空","type_id":"吞噬星空"},
{"type_name":"斗罗大陆","type_id":"斗罗大陆"},
{"type_name":"大主宰","type_id":"大主宰"},
{"type_name":"仙逆","type_id":"仙逆"},
{"type_name":"极品家丁","type_id":"极品家丁"},
{"type_name":"莽荒纪","type_id":"莽荒纪"},
    {
      "type_name": "诡秘之主",
      "type_id": "诡秘之主"
    },
    {
      "type_name": "斗破苍穹",
      "type_id": "斗破苍穹"
    },
    {
      "type_name": "我真没想重生啊",
      "type_id": "我真没想重生啊"
    },
    {
      "type_name": "三寸人间",
      "type_id": "三寸人间"
    },
    {
      "type_name": "剑仙在此",
      "type_id": "剑仙在此"
    },
     {
      "type_name": "都市全能高手",
      "type_id": "都市全能高手"
    },
     {
      "type_name": "一剑独尊",
      "type_id": "一剑独尊"
    },
    {
      "type_name": "万古第一神",
      "type_id": "万古第一神"
    },
    {
      "type_name": "夜的命名术",
      "type_id": "夜的命名术"
    },
        {
      "type_name": "万族之劫",
      "type_id": "万族之劫"
    },
        {
      "type_name": "大魏读书人",
      "type_id": "大魏读书人"
    },
    {
      "type_name": "最强弃少",
      "type_id": "最强弃少"
    }
  ],
"filter": {"小说全集":
[{"key":"duration","name":"时长","value":[{"n":"全部","v":"0"},{"n":"60分钟以上","v":"4"},{"n":"30~60分钟","v":"3"},{"n":"10~30分钟","v":"2"},{"n":"10分钟以下","v":"1"}]}],
"有声书":[{"key":"duration","name":"时长","value":[{"n":"全部","v":"0"},{"n":"60分钟以上","v":"4"},{"n":"30~60分钟","v":"3"},{"n":"10~30分钟","v":"2"},{"n":"10分钟以下","v":"1"}]}],
"都市修仙":[{"key":"duration","name":"时长","value":[{"n":"全部","v":"0"},{"n":"60分钟以上","v":"4"},{"n":"30~60分钟","v":"3"},{"n":"10~30分钟","v":"2"},{"n":"10分钟以下","v":"1"}]}],
"有声小说":[{"key":"duration","name":"时长","value":[{"n":"全部","v":"0"},{"n":"60分钟以上","v":"4"},{"n":"30~60分钟","v":"3"},{"n":"10~30分钟","v":"2"},{"n":"10分钟以下","v":"1"}]}],
"听小说":[{"key":"duration","name":"时长","value":[{"n":"全部","v":"0"},{"n":"60分钟以上","v":"4"},{"n":"30~60分钟","v":"3"},{"n":"10~30分钟","v":"2"},{"n":"10分钟以下","v":"1"}]}],
"大奉打更人":[{"key":"duration","name":"时长","value":[{"n":"全部","v":"0"},{"n":"60分钟以上","v":"4"},{"n":"30~60分钟","v":"3"},{"n":"10~30分钟","v":"2"},{"n":"10分钟以下","v":"1"}]}],
"凡人修仙传（完结）":[{"key":"duration","name":"时长","value":[{"n":"全部","v":"0"},{"n":"60分钟以上","v":"4"},{"n":"30~60分钟","v":"3"},{"n":"10~30分钟","v":"2"},{"n":"10分钟以下","v":"1"}]}],
"遮天":[{"key":"duration","name":"时长","value":[{"n":"全部","v":"0"},{"n":"60分钟以上","v":"4"},{"n":"30~60分钟","v":"3"},{"n":"10~30分钟","v":"2"},{"n":"10分钟以下","v":"1"}]}],
"吞噬星空":[{"key":"duration","name":"时长","value":[{"n":"全部","v":"0"},{"n":"60分钟以上","v":"4"},{"n":"30~60分钟","v":"3"},{"n":"10~30分钟","v":"2"},{"n":"10分钟以下","v":"1"}]}],
"斗罗大陆":[{"key":"duration","name":"时长","value":[{"n":"全部","v":"0"},{"n":"60分钟以上","v":"4"},{"n":"30~60分钟","v":"3"},{"n":"10~30分钟","v":"2"},{"n":"10分钟以下","v":"1"}]}],
"大主宰":[{"key":"duration","name":"时长","value":[{"n":"全部","v":"0"},{"n":"60分钟以上","v":"4"},{"n":"30~60分钟","v":"3"},{"n":"10~30分钟","v":"2"},{"n":"10分钟以下","v":"1"}]}],
"仙逆":[{"key":"duration","name":"时长","value":[{"n":"全部","v":"0"},{"n":"60分钟以上","v":"4"},{"n":"30~60分钟","v":"3"},{"n":"10~30分钟","v":"2"},{"n":"10分钟以下","v":"1"}]}],
"极品家丁":[{"key":"duration","name":"时长","value":[{"n":"全部","v":"0"},{"n":"60分钟以上","v":"4"},{"n":"30~60分钟","v":"3"},{"n":"10~30分钟","v":"2"},{"n":"10分钟以下","v":"1"}]}],
"莽荒纪":[{"key":"duration","name":"时长","value":[{"n":"全部","v":"0"},{"n":"60分钟以上","v":"4"},{"n":"30~60分钟","v":"3"},{"n":"10~30分钟","v":"2"},{"n":"10分钟以下","v":"1"}]}],
"诡秘之主":[{"key":"duration","name":"时长","value":[{"n":"全部","v":"0"},{"n":"60分钟以上","v":"4"},{"n":"30~60分钟","v":"3"},{"n":"10~30分钟","v":"2"},{"n":"10分钟以下","v":"1"}]}],
"斗破苍穹":[{"key":"duration","name":"时长","value":[{"n":"全部","v":"0"},{"n":"60分钟以上","v":"4"},{"n":"30~60分钟","v":"3"},{"n":"10~30分钟","v":"2"},{"n":"10分钟以下","v":"1"}]}],
"我真没想重生啊":[{"key":"duration","name":"时长","value":[{"n":"全部","v":"0"},{"n":"60分钟以上","v":"4"},{"n":"30~60分钟","v":"3"},{"n":"10~30分钟","v":"2"},{"n":"10分钟以下","v":"1"}]}],
"三寸人间":[{"key":"duration","name":"时长","value":[{"n":"全部","v":"0"},{"n":"60分钟以上","v":"4"},{"n":"30~60分钟","v":"3"},{"n":"10~30分钟","v":"2"},{"n":"10分钟以下","v":"1"}]}],
"剑仙在此":[{"key":"duration","name":"时长","value":[{"n":"全部","v":"0"},{"n":"60分钟以上","v":"4"},{"n":"30~60分钟","v":"3"},{"n":"10~30分钟","v":"2"},{"n":"10分钟以下","v":"1"}]}],
"都市全能高手":[{"key":"duration","name":"时长","value":[{"n":"全部","v":"0"},{"n":"60分钟以上","v":"4"},{"n":"30~60分钟","v":"3"},{"n":"10~30分钟","v":"2"},{"n":"10分钟以下","v":"1"}]}],
"一剑独尊":[{"key":"duration","name":"时长","value":[{"n":"全部","v":"0"},{"n":"60分钟以上","v":"4"},{"n":"30~60分钟","v":"3"},{"n":"10~30分钟","v":"2"},{"n":"10分钟以下","v":"1"}]}],
"万古第一神":[{"key":"duration","name":"时长","value":[{"n":"全部","v":"0"},{"n":"60分钟以上","v":"4"},{"n":"30~60分钟","v":"3"},{"n":"10~30分钟","v":"2"},{"n":"10分钟以下","v":"1"}]}],
"夜的命名术":[{"key":"duration","name":"时长","value":[{"n":"全部","v":"0"},{"n":"60分钟以上","v":"4"},{"n":"30~60分钟","v":"3"},{"n":"10~30分钟","v":"2"},{"n":"10分钟以下","v":"1"}]}],
"万族之劫":[{"key":"duration","name":"时长","value":[{"n":"全部","v":"0"},{"n":"60分钟以上","v":"4"},{"n":"30~60分钟","v":"3"},{"n":"10~30分钟","v":"2"},{"n":"10分钟以下","v":"1"}]}],
"大魏读书人":[{"key":"duration","name":"时长","value":[{"n":"全部","v":"0"},{"n":"60分钟以上","v":"4"},{"n":"30~60分钟","v":"3"},{"n":"10~30分钟","v":"2"},{"n":"10分钟以下","v":"1"}]}],
"最强弃少":[{"key":"duration","name":"时长","value":[{"n":"全部","v":"0"},{"n":"60分钟以上","v":"4"},{"n":"30~60分钟","v":"3"},{"n":"10~30分钟","v":"2"},{"n": "10分钟以下","v": "1"}]}]
}
}