[
{"name": "小丫仙女💠","server": "http://alist.xiaoya.pro/","startPage": "/","showAll": false,"search": true,
	"params": {"/abc": {"password": "123"},"/abc/abc": {"password": "123"}}
}, 
{"name": "💠小雅网盘","server": "http://alistxy.ganggang.live:5678/","startPage": "/","showAll": false,"search": true,
"params": {"/abc": {"password": "123"},"/abc/abc": {"password": "123"}}
},
{"name": "杜比网盘","server": "https://dubi.tk","startPage": "/","showAll": false,"search": true},
{"name": "💫触光网盘","server": "https://pan.ichuguang.com","startPage": "/","showAll": false,"search": true}, 
{"name": "🌤晴园宝库","server": "https://alist.52qy.repl.co","startPage": "/","showAll": false,"search": true},
{"name": "🐉神族九帝","server": "https://alist.shenzjd.com"}, 
{"name": "🐭米奇妙屋","server": "https://anime.mqmmw.ga"}, 
{"name": "🐋一只鱼","server": "https://alist.youte.ml"},
{"name": "🌊七米蓝","server": "https://al.chirmyram.com"}, 
{"name": "🥼帅盘","server": "https://hi.shuaipeng.wang"},
{"name" : "💂小兵网盘","server" : "https://6vv.app","startPage" : "/","showAll" : false,"search" : true},
{"name": "✨星梦","server": "https://pan.bashroot.top"}
]