{
"作者":"sm",
"头部集合": "User-Agent$Mozilla/5.0 (Windows NT 10.0; Win64; x64) AppleWebKit/537.36 (KHTML, like Gecko) Chrome/92.0.4515.107 Safari/537.36#Referer$https://www.348z.pro/",
"站名":"348电影网",
"主页url":"https://www.348z.com",
"免嗅":"1",
"导演":"导演：</span>&&</p",
"主演":"主演：</span>&&</p",
"副标题":"class=\"pack-prb hidden\">&&</span>",
"简介":"简介：</span>&&</p>",
"数组":"class=\"aplus-exp ecimgbor&&</a>",
"图片":"data-original=\"&&\"",
"标题":"title=\"&&\"",
"线路名二次截取": "<div class=\"cf swiper-wrapper\">&& <div id=\"tagContent", 
"线路数组":"<a class=\"channelname swiper-slide&&/a>",
"线路标题":"&nbsp;&&<",
"播放请求头": "User-Agent$Mozilla/5.0 (Windows NT 10.0; Win64; x64) AppleWebKit/537.36 (KHTML, like Gecko) Chrome/92.0.4515.107 Safari/537.36#Referer$https://www.348z.pro/",
"播放数组":"class=\"content_playlist&&</ul>",
"播放链接前缀":"https://www.348z.com",
"跳转播放链接": "https://lala.dianyingwang.top/?url=+link_pre*url\":\"&&\"",
"二次跳转播放链接": "https://lala.dianyingwang.top/API.php;post;url=+\"url\"*\"&&\"+&time=+\"time\"*\"&&\"+&key=+\"key\"*\"&&\"",
"三次跳转播放链接": "\"url\"*\"&&\"",
"搜索url":"https://www.348z.com/vodsearch/wd/{wd}.html",
"搜索模式":"1",
"搜索二次截取":"",
"搜索数组":"<a&&</a>",
"搜索图片":"data-original=\"&&\"",
"搜索标题":"title=\"&&\"",
"搜索链接":"href=\"&&\"",
"搜索链接前缀":"https://www.348z.com",	
"分类":"电影$1#电视剧$2#综艺$3#动漫$4",
"分类url":"https://www.348z.com/vodshow/{area}/{class}/id/{cateId}/page/{catePg}/{year}.html",
"筛选": {
"1":[
{"key":"class","name":"剧情","value":[
{"n":"全部","v":""},
{"n":"喜剧","v":"/class/喜剧"},
{"n":"爱情","v":"/class/爱情"},
{"n":"恐怖","v":"/class/恐怖"},
{"n":"动作","v":"/class/动作"},
{"n":"科幻","v":"/class/科幻"},
{"n":"剧情","v":"/class/剧情"},
{"n":"战争","v":"/class/战争"},
{"n":"犯罪","v":"/class/犯罪"},
{"n":"灾难","v":"/class/灾难"},
{"n":"奇幻","v":"/class/奇幻"},
{"n":"悬疑","v":"/class/悬疑"},
{"n":"惊悚","v":"/class/惊悚"},
{"n":"冒险","v":"/class/冒险"}]},
  
{"key":"area","name":"地区","value":[
{"n":"全部","v":""},
{"n":"大陆","v":"/area/大陆"},
{"n":"香港","v":"/area/香港"},
{"n":"台湾","v":"/area/台湾"},
{"n":"美国","v":"/area/美国"},
{"n":"法国","v":"/area/法国"},
{"n":"英国","v":"/area/英国"},
{"n":"日本","v":"/area/日本"},
{"n":"韩国","v":"/area/韩国"},
{"n":"德国","v":"/area/德国"},
{"n":"泰国","v":"/area/泰国"},
{"n":"印度","v":"/area/印度"},
{"n":"其他","v":"/area/其他"}]},
  
{"key":"year","name":"年份","value":[
{"n":"全部","v":""},
{"n":"2022","v":"/year/2022"},
{"n":"2021","v":"/year/2021"},
{"n":"2020","v":"/year/2020"},
{"n":"2019","v":"/year/2019"},
{"n":"2018","v":"/year/2018"},
{"n":"2017","v":"/year/2017"},
{"n":"2016","v":"/year/2016"},
{"n":"2008","v":"/year/2008"},
{"n":"2000","v":"/year/2000"},
{"n":"1997","v":"/year/1997"}]},
  
{"key":"by","name":"排序","value":[
{"n":"时间","v":"/by/time"},
{"n":"人气","v":"/by/hits"},
{"n":"评分","v":"/by/score"}]}],
  
"2":[
{"key":"class","name":"剧情","value":[
{"n":"全部","v":""},
{"n":"国产","v":"/class/国产"},
{"n":"港台","v":"/class/港台"},
{"n":"日韩","v":"/class/日韩"},
{"n":"欧美","v":"/class/欧美"},
{"n":"海外","v":"/class/海外"},
{"n":"古装","v":"/class/古装"},
{"n":"战争","v":"/class/战争"},
{"n":"偶像","v":"/class/偶像"},
{"n":"犯罪","v":"/class/犯罪"},
{"n":"奇幻","v":"/class/奇幻"},
{"n":"剧情","v":"/class/剧情"},
{"n":"历史","v":"/class/历史"},
{"n":"网剧","v":"/class/网剧"}]},
  
{"key":"area","name":"地区","value":[
{"n":"全部","v":""},
{"n":"大陆","v":"/area/大陆"},
{"n":"韩国","v":"/area/韩国"},
{"n":"香港","v":"/area/香港"},
{"n":"台湾","v":"/area/台湾"},
{"n":"日本","v":"/area/日本"},
{"n":"美国","v":"/area/美国"},
{"n":"泰国","v":"/area/泰国"},
{"n":"英国","v":"/area/英国"},
{"n":"新加坡","v":"/area/新加坡"},
{"n":"其他","v":"/area/其他"}]},
  
{"key":"year","name":"年份","value":[
{"n":"全部","v":""},
{"n":"2022","v":"/year/2022"},
{"n":"2021","v":"/year/2021"},
{"n":"2020","v":"/year/2020"},
{"n":"2019","v":"/year/2019"},
{"n":"2018","v":"/year/2018"},
{"n":"2017","v":"/year/2017"},
{"n":"2016","v":"/year/2016"},
{"n":"2008","v":"/year/2008"},
{"n":"2000","v":"/year/2000"},
{"n":"1997","v":"/year/1997"},
{"n":"1980","v":"/year/1980"}]},
  
{"key":"by","name":"排序","value":[
{"n":"时间","v":"/by/time"},
{"n":"人气","v":"/by/hits"},
{"n":"评分","v":"/by/score"}]}],
  
"3":[
{"key":"class","name":"剧情","value":[
{"n":"全部","v":""},
{"n":"科幻","v":"/class/科幻"},
{"n":"热血","v":"/class/热血"},
{"n":"推理","v":"/class/推理"},
{"n":"搞笑","v":"/class/搞笑"},
{"n":"冒险","v":"/class/冒险"},
{"n":"萝莉","v":"/class/萝莉"},
{"n":"校园","v":"/class/校园"},
{"n":"动作","v":"/class/动作"},
{"n":"机战","v":"/class/机战"},
{"n":"运动","v":"/class/运动"},
{"n":"战争","v":"/class/战争"},
{"n":"少年","v":"/class/少年"},
{"n":"少女","v":"/class/少女"}]},
  
{"key":"area","name":"地区","value":[
{"n":"全部","v":""},
{"n":"大陆","v":"/area/大陆"},
{"n":"日本","v":"/area/日本"},
{"n":"欧美","v":"/area/欧美"},
{"n":"海外","v":"/area/海外"}]},
  
{"key":"year","name":"年份","value":[
{"n":"全部","v":""},
{"n":"2022","v":"/year/2022"},
{"n":"2021","v":"/year/2021"},
{"n":"2020","v":"/year/2020"},
{"n":"2019","v":"/year/2019"},
{"n":"2018","v":"/year/2018"},
{"n":"2017","v":"/year/2017"},
{"n":"2016","v":"/year/2016"},
{"n":"2008","v":"/year/2008"},
{"n":"2000","v":"/year/2000"},
{"n":"1997","v":"/year/1997"},
{"n":"1980","v":"/year/1980"}]},
  
{"key":"by","name":"排序","value":[
{"n":"时间","v":"/by/time"},
{"n":"人气","v":"/by/hits"},
{"n":"评分","v":"/by/score"}]}],
  
"4":[
{"key":"class","name":"剧情","value":[
{"n":"全部","v":""},
{"n":"相声","v":"/class/相声"},
{"n":"真人秀","v":"/class/真人秀"},
{"n":"脱口秀","v":"/class/脱口秀"},
{"n":"选秀","v":"/class/选秀"},
{"n":"情感","v":"/class/情感"},
{"n":"访谈","v":"/class/访谈"},
{"n":"播报","v":"/class/播报"},
{"n":"旅游","v":"/class/旅游"},
{"n":"音乐","v":"/class/音乐"},
{"n":"美食","v":"/class/美食"},
{"n":"纪实","v":"/class/纪实"},
{"n":"舞蹈","v":"/class/舞蹈"}]},
  
{"key":"area","name":"地区","value":[
{"n":"全部","v":""},
{"n":"大陆","v":"/area/大陆"},
{"n":"香港","v":"/area/香港"},
{"n":"台湾","v":"/area/台湾"},
{"n":"日本","v":"/area/日本"},
{"n":"欧美","v":"/area/欧美"},
{"n":"韩国","v":"/area/韩国"}]},
  
{"key":"year","name":"年份","value":[
{"n":"全部","v":""},
{"n":"2022","v":"/year/2022"},
{"n":"2021","v":"/year/2021"},
{"n":"2020","v":"/year/2020"},
{"n":"2019","v":"/year/2019"},
{"n":"2018","v":"/year/2018"},
{"n":"2017","v":"/year/2017"},
{"n":"2016","v":"/year/2016"},
{"n":"2008","v":"/year/2008"},
{"n":"2000","v":"/year/2000"},
{"n":"1997","v":"/year/1997"},
{"n":"1980","v":"/year/1980"}]},
  
{"key":"by","name":"排序","value":[
{"n":"时间","v":"/by/time"},
{"n":"人气","v":"/by/hits"},
{"n":"评分","v":"/by/score"}]}]}}