{
"作者":"张弘",
"站名":"52看剧",
"主页url":"https://985pc.com",
"副标题":"module-item-note\">&&</div>",
"链接":"href=\"&&\"",
"搜索模式":"1",
"搜索url":"/vodsearch/{wd}----------{pg}---.html",
"搜索数组":"module-item\">&&</a>",
"搜索图片":"data-original=\"&&\"",
"搜索标题":"alt=\"&&\"",
"搜索副标题":"module-item-note\">&&</div>",
"搜索链接":"href=\"&&\"",
"搜索后缀":"/voddetail/",
"影片类型":"<div class=\"module-info-tag\"&&立即播放",
"导演":"导演：&&</div>",
"主演":"主演：&&</div>",
"简介":"<p>&&</p>",
"线路数组":"data-dropdown-value=&&</div>",
"线路标题":"<span>&&</small>[替换:</span><small>>>♡]+集♡",
"播放数组":"module-play-list\">&&</div>",
"分类":"电影$1#电视剧$2#综艺$3#动漫$4",
"分类url":"https://985pc.com/vodshow/{cateId}-{area}-{by}-{class}-----{catePg}---{year}.html",
"免嗅":"1",
"筛选":{
"1":[
{"key":"class","name":"剧情","value":[
{"n":"全部","v":""},
{"n":"华语","v":"华语"},
{"n":"家庭","v":"家庭"},
{"n":"喜剧","v":"喜剧"},
{"n":"动作","v":"动作"},
{"n":"爱情","v":"爱情"},
{"n":"惊悚","v":"惊悚"},
{"n":"恐怖片","v":"恐怖片"},
{"n":"犯罪","v":"犯罪"},
{"n":"冒险","v":"冒险"},
{"n":"科幻","v":"科幻"},
{"n":"悬疑","v":"悬疑"},
{"n":"剧情","v":"剧情"},
{"n":"动画","v":"动画"},
{"n":"武侠","v":"武侠"},
{"n":"战争","v":"战争"},
{"n":"歌舞","v":"歌舞"},
{"n":"奇幻","v":"奇幻"},
{"n":"传记","v":"传记"},
{"n":"警匪","v":"警匪"},
{"n":"历史","v":"历史"},
{"n":"运动","v":"运动"},
{"n":"灾难","v":"灾难"},
{"n":"西部","v":"西部"},
{"n":"魔幻","v":"魔幻"},
{"n":"枪战","v":"枪战"},
{"n":"恐怖","v":"恐怖"},
{"n":"记录","v":"记录"}]},
  
{"key":"area","name":"地区","value":[
{"n":"全部","v":""},
{"n":"中国","v":"中国"},
{"n":"内地","v":"内地"},
{"n":"大陆","v":"大陆"},
{"n":"美国","v":"美国"},
{"n":"香港","v":"香港"},
{"n":"韩国","v":"韩国"},
{"n":"英国","v":"英国"},
{"n":"台湾","v":"台湾"},
{"n":"日本","v":"日本"},
{"n":"法国","v":"法国"},
{"n":"意大利","v":"意大利"},
{"n":"德国","v":"德国"},
{"n":"西班牙","v":"西班牙"},
{"n":"泰国","v":"泰国"},
{"n":"其它","v":"其它"}]},
  
{"key":"year","name":"年份","value":[
{"n":"全部","v":""},
{"n":"2022","v":"2022"},
{"n":"2021","v":"2021"},
{"n":"2020","v":"2020"},
{"n":"2019","v":"2019"},
{"n":"2018","v":"2018"},
{"n":"2017","v":"2017"},
{"n":"2016","v":"2016"},
{"n":"2015","v":"2015"},
{"n":"2014","v":"2014"},
{"n":"2013","v":"2013"},
{"n":"2012","v":"2012"},
{"n":"2011","v":"2011"},
{"n":"2010","v":"2010"},
{"n":"2009","v":"2009"},
{"n":"2008","v":"2008"},
{"n":"2006","v":"2006"},
{"n":"2005","v":"2005"},
{"n":"2004","v":"2004"}]},
  
{"key":"by","name":"排序","value":[
{"n":"时间","v":"time"},
{"n":"人气","v":"hits"},
{"n":"评分","v":"score"}]}],
  
"2":[
{"key":"class","name":"剧情","value":[
{"n":"全部","v":""},
{"n":"古装","v":"古装"},
{"n":"喜剧","v":"喜剧"},
{"n":"偶像","v":"偶像"},
{"n":"家庭","v":"家庭"},
{"n":"青春","v":"青春"},
{"n":"警匪","v":"警匪"},
{"n":"言情","v":"言情"},
{"n":"军事","v":"军事"},
{"n":"武侠","v":"武侠"},
{"n":"悬疑","v":"悬疑"},
{"n":"历史","v":"历史"},
{"n":"农村","v":"农村"},
{"n":"都市","v":"都市"},
{"n":"神话","v":"神话"},
{"n":"科幻","v":"科幻"},
{"n":"少儿","v":"少儿"},
{"n":"搞笑","v":"搞笑"},
{"n":"谍战","v":"谍战"},
{"n":"战争","v":"战争"},
{"n":"年代","v":"年代"},
{"n":"犯罪","v":"犯罪"},
{"n":"恐怖","v":"恐怖"},
{"n":"惊悚","v":"惊悚"},
{"n":"爱情","v":"爱情"},
{"n":"剧情","v":"剧情"},
{"n":"奇幻","v":"奇幻"}]},
  
{"key":"area","name":"地区","value":[
{"n":"全部","v":""},
{"n":"中国","v":"中国"},
{"n":"内地","v":"内地"},
{"n":"大陆","v":"大陆"},
{"n":"韩国","v":"韩国"},
{"n":"香港","v":"香港"},
{"n":"台湾","v":"台湾"},
{"n":"日本","v":"日本"},
{"n":"美国","v":"美国"},
{"n":"泰国","v":"泰国"},
{"n":"英国","v":"英国"},
{"n":"新加坡","v":"新加坡"},
{"n":"其他","v":"其他"},
{"n":"香港地区","v":"香港地区"}]},
  
{"key":"year","name":"年份","value":[
{"n":"全部","v":""},
{"n":"2022","v":"2022"},
{"n":"2021","v":"2021"},
{"n":"2020","v":"2020"},
{"n":"2019","v":"2019"},
{"n":"2018","v":"2018"},
{"n":"2017","v":"2017"},
{"n":"2016","v":"2016"},
{"n":"2015","v":"2015"},
{"n":"2014","v":"2014"},
{"n":"2013","v":"2013"},
{"n":"2012","v":"2012"},
{"n":"2011","v":"2011"},
{"n":"2010","v":"2010"},
{"n":"2009","v":"2009"},
{"n":"2008","v":"2008"},
{"n":"2006","v":"2006"},
{"n":"2005","v":"2005"},
{"n":"2004","v":"2004"}]},
  
{"key":"by","name":"排序","value":[
{"n":"时间","v":"time"},
{"n":"人气","v":"hits"},
{"n":"评分","v":"score"}]}],
  
"3":[
{"key":"class","name":"剧情","value":[
{"n":"全部","v":""},
{"n":"明星","v":"明星"},
{"n":"真人秀","v":"真人秀"},
{"n":"访谈","v":"访谈"},
{"n":"情感","v":"情感"},
{"n":"选秀","v":"选秀"},
{"n":"旅游","v":"旅游"},
{"n":"美食","v":"美食"},
{"n":"口秀","v":"口秀"},
{"n":"曲艺","v":"曲艺"},
{"n":"搞笑","v":"搞笑"},
{"n":"游戏","v":"游戏"},
{"n":"歌舞","v":"歌舞"},
{"n":"生活","v":"生活"},
{"n":"音乐","v":"音乐"},
{"n":"时尚","v":"时尚"},
{"n":"益智","v":"益智"},
{"n":"职场","v":"职场"},
{"n":"少儿","v":"少儿"},
{"n":"纪实","v":"纪实"},
{"n":"盛会","v":"盛会"}]},
  
{"key":"area","name":"地区","value":[
{"n":"全部","v":""},
{"n":"中国","v":"中国"},
{"n":"内地","v":"内地"},
{"n":"大陆","v":"大陆"},
{"n":"韩国","v":"韩国"},
{"n":"香港","v":"香港"},
{"n":"台湾","v":"台湾"},
{"n":"美国","v":"美国"},
{"n":"其它","v":"其它"}]},
  
{"key":"year","name":"年份","value":[
{"n":"全部","v":""},
{"n":"2022","v":"2022"},
{"n":"2021","v":"2021"},
{"n":"2020","v":"2020"},
{"n":"2019","v":"2019"},
{"n":"2018","v":"2018"},
{"n":"2017","v":"2017"},
{"n":"2016","v":"2016"},
{"n":"2015","v":"2015"},
{"n":"2014","v":"2014"},
{"n":"2013","v":"2013"},
{"n":"2012","v":"2012"},
{"n":"2011","v":"2011"},
{"n":"2010","v":"2010"},
{"n":"2009","v":"2009"},
{"n":"2008","v":"2008"},
{"n":"2006","v":"2006"},
{"n":"2005","v":"2005"},
{"n":"2004","v":"2004"}]},
  
{"key":"by","name":"排序","value":[
{"n":"时间","v":"time"},
{"n":"人气","v":"hits"},
{"n":"评分","v":"score"}]}],
  
"4":[
{"key":"class","name":"剧情","value":[
{"n":"全部","v":""},
{"n":"热血","v":"热血"},
{"n":"科幻","v":"科幻"},
{"n":"推理","v":"推理"},
{"n":"搞笑","v":"搞笑"},
{"n":"冒险","v":"冒险"},
{"n":"校园","v":"校园"},
{"n":"动作","v":"动作"},
{"n":"机战","v":"机战"},
{"n":"运动","v":"运动"},
{"n":"战争","v":"战争"},
{"n":"少年","v":"少年"},
{"n":"少女","v":"少女"},
{"n":"社会","v":"社会"},
{"n":"原创","v":"原创"},
{"n":"亲子","v":"亲子"},
{"n":"益智","v":"益智"},
{"n":"励志","v":"励志"},
{"n":"其他","v":"其他"}]},
  
{"key":"area","name":"地区","value":[
{"n":"全部","v":""},
{"n":"中国","v":"中国"},
{"n":"内地","v":"内地"},
{"n":"大陆","v":"大陆"},
{"n":"日本","v":"日本"},
{"n":"欧美","v":"欧美"},
{"n":"其他","v":"其他"}]},
  
{"key":"year","name":"年份","value":[
{"n":"全部","v":""},
{"n":"2022","v":"2022"},
{"n":"2021","v":"2021"},
{"n":"2020","v":"2020"},
{"n":"2019","v":"2019"},
{"n":"2018","v":"2018"},
{"n":"2017","v":"2017"},
{"n":"2016","v":"2016"},
{"n":"2015","v":"2015"},
{"n":"2014","v":"2014"},
{"n":"2013","v":"2013"},
{"n":"2012","v":"2012"},
{"n":"2011","v":"2011"},
{"n":"2010","v":"2010"},
{"n":"2009","v":"2009"},
{"n":"2008","v":"2008"},
{"n":"2006","v":"2006"},
{"n":"2005","v":"2005"},
{"n":"2004","v":"2004"}]},
  
{"key":"by","name":"排序","value":[
{"n":"时间","v":"time"},
{"n":"人气","v":"hits"},
{"n":"评分","v":"score"}]}]}
}