{
"站名": "段友影视",
"主页url": "https://shangjihuoke.com/",
//"请求头": "",
"免嗅":"1",
"分类url":"https://shangjihuoke.com/index.php/vod/show/id/{cateId}/page/{catePg}.html",
"分类": "电视剧$2#电影$1#动漫$4#综艺$3#B站$31",
//"数组": "class=\"module-item&&</a>",
//"标题": "alt=\"&&\"",
"副标题":"class=\"module-item-note\">&&</div>",
//"状态":"<div class=\"detail_list&&</div>",
//"导演": "导演：&&</div",
//"主演": "主演：&&</div",
"简介": "class=\"module-info-introduction-content\">&&</div>",
"线路数组": "class=\"module-tab-item tab-item&&</div>",
"线路标题": "<span>&&</span>",
"播放数组":"class=\"module-play-list-content&&</div>",
"播放标题":"<span>&&</span>",
//"播放请求头": "",
"搜索url": "https://shangjihuoke.com/index.php/vod/search.html?wd={wd}",
"搜索模式": "1",
"搜索数组": "class=\"module-card-item module-item&&</div>",
"搜索图片":"data-original=\"&&\"",
"搜索标题":"alt=\"&&\"",
"搜索链接":"href=\"&&\"",
"搜索链接前缀":"/index.php/vod/detail/id/",
"年份":"2004-2022",
"排序":"时间$id#人气$hits",
"筛选":"1"
}