{
	"免嗅": "1",
	"导演": "导演：&&</div",
	"主演": "主演：&&</div",
	"简介": "module-info-introduction-content&&</div>",
	"副标题": "class=\"hl-lc-1 remarks\">&&</span>",
	"线路数组": "hl-plays-from hl-tabs&&</div>",
	"播放标题": "span>&&</span",
	"播放数组": "class=\"hl-plays-list&&</div>",
	"分类": "国产剧$13#电影$1#电视剧$2#综艺$3#动漫$4#纪录片$5",
	"分类url": "https://www.tjomet.com/vodshow/{cateId}{catelog}-{area}-{by}------{catePg}---{year}.html",
	"搜索url":"https://www.tjomet.com/vodsearch/-------------.html?wd={wd}",
	"搜索数组": "class=\"hl-item-pic&&</div>",
	"搜索图片": "data-original=\"&&\"",
	"搜索标题": "title=\"&&\"",
	"搜索链接": "href=\"&&\"",
	"搜索链接前缀": "/voddetail/"
}