{
"免嗅":"1",
"分类url":"http://heiheiys.com/vodshow/{cateId}--------{catePg}---.html",
"分类": "电视剧$2#电影$1#动漫$4#综艺$3#日韩剧$83",
"数组": "class=\"module-item&&</div>",
"副标题":"class=\"module-item-text\">&&</div>",
"导演": "导演：&&</div",
"主演": "主演：&&</div",
"简介": "span>&&</span",
"线路数组": "class=\"module-tab-content&&</div>",
"线路标题": "<span>&&</span>",
"播放数组":"class=\"scroll-content&&</div>",
"播放标题":"<span>&&</span>",
"搜索url": "http://heiheiys.com/vodsearch/{wd}-----------.html",
"搜索模式": "1",
"搜索数组": "class=\"module-search-item&&</div>"
}