{
  "作者": "菜妮丝https://cainisi.cf",
  "站名": "看一看影视",
  "主页url": "https://www.kanyk.cc",
  "嗅探词": ".m3u8#m3u8?#.mp4#mp4?#ixigua#.czspp#.flv#.mp3#.m4a#?item/video#is_play_url=1#play/?#qianpailive",
  
  "分类": "电影&连续剧&动漫&综艺",
  "分类值": "1&2&4&3",
  
  "分类url": "https://www.kanyk.cc/index.php?m=vod-list-id-{cateId}-pg-{catePg}-order--by--class-0-year-0-letter--area--lang-.html",
  
  "副标题": "<i>&&</i>",
  
  "搜索模式": "1",
  "搜索url": "/index.php?m=vod-search-pg-{pg}-wd-{wd}.html",
  "搜索数组": "p1 m1\">&&</li>",
  "搜索图片": "data-original=\"&&\"",
  "搜索标题": "title=\"&&\"",
  "搜索链接": "href=\"&&\"",
  "搜索副标题": "<i>&&</i>",
  
  "影片年代": "年份:&&</dd>",
  "影片地区": "地区:&&</dd>",
  "影片类型": "类型:&&</dt>",
  "导演": "导演:&&</dt>",
  "主演": "主演:&&</dt>",
  "简介": "介绍:&&</span>",
  
  "线路数组": "ico-Azhan\">&&/li>",
  "线路标题": "</i>&&<",
  
  "播放数组": "<div id=\"vlink_&&</ul>",
  "播放链接": "href='&&'",
  
  "筛选":{
"1":[
  {"key":"cateId","name":"类型","value":[
  {"n":"全部","v":"1"},
  {"n":"动作片","v":"5"},
  {"n":"喜剧片","v":"6"},
  {"n":"爱情片","v":"7"},
  {"n":"科幻片","v":"8"},
  {"n":"恐怖片","v":"9"},
  {"n":"剧情片","v":"10"},
  {"n":"战争片","v":"11"},
  {"n":"纪录片","v":"16"},
  {"n":"微电影","v":"18"},
  {"n":"惊悚片","v":"20"},
  {"n":"悬疑片","v":"21"}]}],
  
"2":[
  {"key":"cateId","name":"类型","value":[
  {"n":"全部","v":"2"},
  {"n":"国产剧","v":"12"},
  {"n":"港台剧","v":"13"},
  {"n":"日韩剧","v":"14"},
  {"n":"欧美剧","v":"15"},
  {"n":"泰剧","v":"19"},
  {"n":"海外剧","v":"32"}]}],
  
"4":[
  {"key":"cateId","name":"类型","value":[
  {"n":"全部","v":"4"},
  {"n":"TV版","v":"23"},
  {"n":"电影版","v":"24"},
  {"n":"剧场版","v":"25"},
  {"n":"国语经典","v":"36"}]}],
  
"3":[
  {"key":"cateId","name":"类型","value":[
  {"n":"全部","v":"3"},
  {"n":"TV综艺","v":"26"},
  {"n":"音乐MV","v":"31"}]}]}
}