{
"站名": "看看电影",
"主页url": "https://www.kkdy.live/",
//"请求头": "",
"免嗅":"1",
"图片代理": "0",
"分类url":"https://www.kkdy.live/vod-show-id-{cateId}-page-{catePg}.html",
"分类": "电视剧$tvplay#电影$movie#动漫$dongman#综艺$zongyi#纪录片$documentary",
"数组": "class=\"myui-vodlist__box&&</div>",
"标题": "title=\"&&\"",
"副标题":"class=\"pic-text text-right\">&&</div>",
//"状态":"<div class=\"video-info-main&&</div>",
//"导演": "导演：&&</div",
//"主演": "主演：&&</div",
"简介": "class=\"col-pd text-collapse content\">&&</div>",
"线路数组": "data-toggle=\"tab&&</li>",
"线路标题": ">&&</a>",
"播放数组":"class=\"myui-content__list&&</ul>",
"播放标题":">&&</a>",
//"播放请求头": "",
"搜索url": "https://www.kkdy.live/vod-search.html?wd={wd}",
//"搜索模式": "1",
"搜索数组": "class=\"myui-vodlist__thumb&&</a>",
"搜索图片":"data-original=\"&&\"",
"搜索标题":"title=\"&&\"",
//"搜索链接":"href=\"&&\"",
"搜索链接前缀":"/vod-detail-id-/",
"年份":"2004-2022",
"排序":"时间$id#人气$hits",
"筛选":"1"
}
