{
"站名": "南柯电影网",
"主页url": "https://www.nkdyw.com/",
//"请求头": "",
"免嗅":"1",
"分类url":"https://www.nkdyw.com/show/{cateId}--------{catePg}---.html",
"分类": "电视剧$2#电影$1#动漫$4#综艺$3",
//"数组": "class=\"module-items&&</div>",
//"副标题":"class=\"module-item-note\">&&</div>",
//"状态":"<div class=\"module-info-item&&</div>",
"导演": "导演：&&</div",
"主演": "主演：&&</div",
"简介": "class=\"module-info-item module-info-introduction\">&&</div>",
"线路数组": "class=\"module-tab-item tab-item&&</div>",
"线路标题": "<span>&&</span>",
"播放数组":"class=\"module-play-list&&</div>",
"播放标题":"<span>&&<",
//"播放请求头": "",
"搜索url": "https://www.nkdyw.com/search/-------------.html?wd={wd}",
"搜索模式": "1",
"搜索数组": "class=\"module-card-item&&</div>",
"搜索图片":"data-original=\"&&\"",
"搜索标题":"alt=\"&&\"",
"搜索链接":"href=\"&&\"",
"搜索链接前缀":"/detail/",
"年份":"2010-2022",
"排序":"时间$id#人气$hits",
"筛选":"1"
}