{
"站名": "诺讯影视",
"主页url": "https://www.nunxun.com/",
//"请求头": "",
"免嗅":"1",
"分类url":"https://www.nunxun.com/index.php/vod/show/area/{area}/class/{class}/id/{cateId}/page/{catePg}/year/{year}.html",
"分类": "电视剧$2#电影$1#综艺$3#少儿剧$4",
//"数组": "class=\"module-item&&</a>",
//"标题": "title=\"&&\"",
"副标题":"class=\"module-item-note\">&&</div>",
"状态":"<div class=\"module-info-content&&</div>",
"导演": "导演：&&</div",
"主演": "主演：&&</div",
"简介": "class=\"module-info-introduction-content\">&&</div>",
"线路数组": "class=\"module-tab-item tab-item&&</div>",
"线路标题": "<span>&&</span>",
"播放数组":"class=\"module-play-list&&</div>",
//"播放标题":"<span>&&<span",
//"播放请求头": "",
"搜索url": "https://www.nunxun.com/index.php/vod/search.html?wd={wd}",
"搜索模式": "1",
"搜索数组": "class=\"module-card-item module-item&&</div>",
//"搜索图片":"data-src=\"&&\"",
//"搜索标题":"alt=\"&&\"",
"搜索链接":"href=\"&&\"",
"搜索链接前缀":"/index.php/vod/detail/id/",
"Anal_MacPlayer":"0",
"ManualSniffer":"1",
 //手动嗅探视频链接关键字，每个用#隔开
"VideoFormat":".m3u8?#ixigua#.czspp#.m3u8#mp4#.flv#.mp3#.m4a#item/video#is_play_url=1",
//手动嗅探视频链接过滤关键词,每个用#隔开
"VideoFilter":".html#=http",
"年份":"2004-2022",
"排序":"时间$id#人气$hits",
"筛选":"1"
}