{
"站名": "人人影院",
"主页url": "https://www.renren.pro",
"请求头": "",
"头部集合": "User-Agent$Mozilla/5.0 (iPhone; CPU iPhone OS 13_2_3 like Mac OS X) AppleWebKit/605.1.15 (KHTML, like Gecko) Version/13.0.3 Mobile/15E148 Safari/604.1#Referer$https://www.renren.pro/",
"热门推荐": "",
"起始页": "1",
"直接播放": "0",
"倒序播放": "0",
"图片代理": "0",
"二次截取": "",
"数组": "<div class=\"module-item-pic\">&&<div class=\"module-item-content",
"图片": "data-src=\"&&\"",
"标题": "title=\"&&\"",
"副标题": "<span class=\"video-class\"&&</span>",
"链接": "href=\"&&\"",
"链接前缀": "https://www.renren.pro",
"线路二次截取": "",
"线路数组": "class=\"module-heading\">&&/h2>",
"线路标题": ">&&<",
"线路链接": "",
"影片类型": "class=\"video-info-aux\">&&</div>",
"影片年代": "",
"影片地区": "",
"导演": "",
"主演": "",
"简介": "<div class=\"title-info\">&&<br>",
"搜索url": "https://www.renren.pro/search?wd={wd}",
"搜索模式": "1",
"搜索二次截取": "class=\"module-items&&id=\"footer",
"搜索数组": "<a&&class=\"loading",
"搜索图片": "src=\"&&\"",
"搜索标题": "alt=\"&&\"",
"搜索副标题": "剧情：</span>&&</div>",
"搜索链接": "href=\"&&\"",
"搜索链接前缀": "https://www.renren.pro",
"播放二次截取": "",
"播放数组": " <div class=\"sort-item\" id=\"sort-item-1\">&&<div class=\"shortcuts-mobile-overlay",
"列表二次截取": "",
"播放列表": "<a&&</a>",
"播放标题": "<span>&&</span>",
"播放链接": "href=\"&&\"",
"播放链接前缀": "https://www.renren.pro",
"播放链接后缀": "",
"免嗅": "0",
"嗅探词":".m3u8#.mp4",
"过滤词":"baidu#demo",
"播放请求头": "User-Agent$Mozilla/5.0 (iPhone; CPU iPhone OS 13_2_3 like Mac OS X) AppleWebKit/605.1.15 (KHTML, like Gecko) Version/13.0.3 Mobile/15E148 Safari/604.1#Referer$https://www.renren.pro/",
"分类url": "https://www.renren.pro/list/{cateId}?page={catePg}",
"分类": "影视库$all",
"分类二次截取": "",
"分类数组": "",
"分类标题": "",
"分类ID": "",
"类型": "",
"剧情": "",
"地区": "",
"年份": "",
"排序": "",
"筛选": ""
}