{"作者":"",
"站名":"素白白",
"主页url":"https://www.subaibaiys.com",
"请求头":"",
"热门推荐":"1",
"起始页":"1",
"直接播放":"0",
"倒序播放":"0",
"图片代理":"1",
"二次截取":"",
"cat_YN_twice":"0",
"cat_twice_pre":"class=\"bt_img mi_ne_kd",
"cat_twice_suf":"<div class=\"clear\"></div>",
"数组":"<li>&&</li>",
"图片":"data-original=\"&&\"",
"标题":"alt=\"&&\"",
"fubiaotiqian":"<span>",
"fubiaotihou":"</span>",
"链接":"href=\"https://www.subaibaiys.com&&\"",
"链接前缀":"https://www.subaibaiys.com",
"线路二次截取":"",
"线路数组":"class=\"ypxingq_t\">&&</div>",
"线路标题":"<span>&&</span>",
"状态":"<li class=\"hl-col-xs-12 hl-col-sm-4&&</li>",
"导演":"导演：&&</div",
"主演":"主演：&&</div",
"简介":"yp_context\">&&<p",
"播放二次截取":"",
"播放数组":"class=\"paly_list_btn\">&&</div>",
"列表二次截取":"",
"播放列表":"<a&&/a>",
"播放标题":">&&<",
"播放链接":"href=\"&&\"",
"播放链接前缀":"https://www.subaibaiys.com",
"免嗅":"0",
"嗅探词":".m3u8",
"过滤词":"",
"播放请求头":"",
"搜索url":"https://www.subaibaiys.com/grabble?q=",
"搜索模式":"1",
"搜索二次截取":"",
"搜索数组":"<li>&&</li>",
"搜索图片":"data-original=\"&&\"",
"搜索标题":"alt=\"&&\"",
"搜索链接":"href=\"&&\"",
"搜索链接前缀":"https://www.subaibaiys.com",
"分类url":"https://www.subaibaiys.com/{cateId}/page/{catePg}",
"分类":"首页$空#电影$new-movie#电视剧$tv-drama#热门电影$hot-month#高分电影$high-movie#动漫电影$cartoon-movie#香港经典电影$hongkong-movie#国产剧$domestic-drama#欧美剧$american-drama#韩剧$korean-drama#动漫剧$anime-drama#公告留言$resources-for-help"}