{
"免嗅":"1",
"分类url":"https://v.yunque.vip/index.php/vod/show/id/{cateId}/page/{catePg}/year/{year}.html",
"UserAgent": "Mozilla/5.0 (Linux; Android 12; M2102J2SC Build/SKQ1.211006.001; wv) AppleWebKit/537.36 (KHTML, like Gecko) Version/4.0 Chrome/96.0.4664.104 Mobile Safari/537.36",
"分类": "电视剧$21#电影$20#动漫$23#综艺$22",
//"数组": "class=\"module-item&&</a>",
//"图片": "data-original=\"&&\"",
//"标题": "title=\"&&\"",
//"链接": "href=\"&&\"",
//"链接前缀": "/index.php/vod/detail/id/",
"副标题":"class=\"module-item-note\">&&</div>",
"导演": "导演：&&</div",
"主演": "主演：&&</div",
"简介": "module-info-introduction-content show-desc&&</div>",
"线路数组": "class=\"module-tab-item tab-item&&</div>",
"线路标题": "<span>&&</span>",
"播放数组":"class=\"module-play-list-content&&</div>",
"播放标题":"span>&&</span>",
"搜索url": "https://v.yunque.vip/index.php/vod/search.html?wd={wd}",
"搜索数组": "class=\"module-items module-card-item&&</div>",
//"搜索图片": "data-original=\"&&\"",
//"搜索标题": "alt=\"&&\"",
"搜索链接": "href=\"&&\"",
"搜索链接前缀": "/index.php/vod/detail/id/",
"年份": "2000-2022",
"ManualSniffer":"1",
//手动嗅探视频链接关键字，每个用#隔开
"VideoFormat":".m3u8?#ixigua#.czspp#.m3u8#mp4#.flv#.mp3#.m4a#item/video#is_play_url=1",
//手动嗅探视频链接过滤关键词,每个用#隔开
"VideoFilter":".html#=http",
"筛选": "1"
}