{
    "分类url":"https://www.zhuafan.tech/sports-home/category/{cateId}",
    "分类":"全部$/all#足球$Football#篮球$Basketball#羽乒$Badminton#台球$Billiards#棒球$Baseball#户外$Outdoors#搏击$Wrestling#综合$Others#棋盘$Boardgame#电竞$Popular#网球$Tennis#排球$Volleyball#聊天$Chat#原声$Acoustic",
    "热门推荐":"1",
    "起始页":"1",
    "直接播放":"1",
    "数组":"{&&}",
    "图片":"imageUrl\":\"&&\"",
    "标题":"cname\":\"&&\"",
    "链接":"id\":\"&&\"",
    "链接前缀":"https://www.zhuafan.tech/"
    }