{
    "规则名": "星辰影院",
    "规则作者": "sm",
    "请求头参数": "User-Agent$MOBILE_UA#Referer$WebView",
    "网页编码格式": "UTF-8",
    "图片是否需要代理": "0",
    "是否开启获取首页数据": "1",
    "首页推荐链接": "http://www.40yb.com",
    "首页列表数组规则": "body&&.col-md-6.col-sm-4.col-xs-3",
    "首页片单列表数组规则": ".stui-vodlist__box",
    "首页片单是否Jsoup写法": "1",
    "分类起始页码": "1",
    "分类链接": "http://www.40yb.com/{cateId}/index{catePg}.html[firstPage=http://www.40yb.com/{cateId}/index.html]",
    "分类名称": "电影&电视剧&综艺&动漫&动作片&爱情片&科幻片&恐怖片&喜剧片&剧情片&在线直播&国产剧&港台剧&欧美剧&日韩剧&",
    "分类名称替换词": "dianying&dianshiju&zongyi&dongman&dongzuopian&aiqingpian&kehuanpian&kubupian&xijupian&juqingpian&zaixianzhibo&guochanju&gangtaiju&oumeiju&rihanju",
    "筛选数据": {},
    "筛选子分类名称": "动作片&爱情片&科幻片&恐怖片&喜剧片&剧情片&在线直播&国产剧&港台剧&欧美剧&日韩剧&",
    "筛选子分类替换词": "dongzuopian&aiqingpian&kehuanpian&kubupian&xijupian&juqingpian&zaixianzhibo&guochanju&gangtaiju&oumeiju&rihanju",
    "分类截取模式": "1",
    "分类列表数组规则": "body&&.col-md-5.col-sm-4.col-xs-3",
    "分类片单是否Jsoup写法": "1",
    "分类片单标题": "h4&&a&&title&&Text",
    "分类片单链接": "a&&href",
    "分类片单图片": ".lazyload&&data-original",
    "分类片单副标题": ".pic-text.text-right&&Text",
    "分类片单链接加前缀": "http://www.40yb.com",
    "分类片单链接加后缀": "",
    "搜索请求头参数": "User-Agent$MOBILE_UA",
    "搜索链接":"http://www.40yb.com/search.php;post",
    "POST请求数据": "searchword={wd}",
    "搜索截取模式": "1",
    "搜索列表数组规则": "body&&.thumb",
    "搜索片单是否Jsoup写法": "1",
    "搜索片单图片": "a&&data-original",
    "搜索片单标题": "a&&title",
    "搜索片单链接": "a&&href",
    "搜索片单副标题": "",
    "搜索片单链接加前缀": "http://www.40yb.com",
    "搜索片单链接加后缀": "",
    "链接是否直接播放": "0",
    "直接播放链接加前缀": "",
    "直接播放链接加后缀": "#isVideo=true#",
    "直接播放直链视频请求头": "",
    "详情是否Jsoup写法": "0",
    "类型详情": "类型：</span>&&</a>",
    "年代详情": "年份：</span>&&</a",
    "地区详情": "地区：</span>&&</a",
    "演员详情": "主演：</span>&&</p",
    "简介详情": "简介：</span>&&</p",
    "线路列表数组规则": ".stui-pannel__head&&h3",
    "线路标题": "Text",
    "播放列表数组规则": "body&&.stui-content__playlist",
    "选集列表数组规则": "a",
    "选集标题链接是否Jsoup写法": "1",
    "选集标题": "a&&Text",
    "选集链接": "a&&href",
    "是否反转选集序列": "0",
    "选集链接加前缀": "http://www.40yb.com",
    "选集链接加后缀": "",
    "分析MacPlayer": "2",
    "是否开启手动嗅探": "1",
    "手动嗅探视频链接关键词": ".mp4#.m3u8#.flv",
    "手动嗅探视频链接过滤词": ".html#=http"
}