{
    "规则名": "https://www.90r.cc/vodtype/oumeiju-2.html",
    "规则作者": "sm",
    "请求头参数": "User-Agent$MOBILE_UA#Referer$WebView",
    "网页编码格式": "UTF-8",
    "图片是否需要代理": "0",
    "是否开启获取首页数据": "1",
    "首页推荐链接": "https://www.90r.cc/",
    "首页列表数组规则": "body&&.mo-paxs-5px.mo-pamd-10px.mo-cols-info.mo-cols-xs4.mo-cols-sm3.mo-cols-lg2",
    "首页片单列表数组规则": "li",
    "首页片单是否Jsoup写法": "1",
    "分类起始页码": "1",
    "分类链接": "https://www.90r.cc/vodshow/{cateId}-{area}---{lang}----{catePg}---{year}.html",
    "分类名称": "美剧&国产剧&综艺&动漫&动作片&爱情片&恐怖片&科幻片&剧情片&战争片&纪录片",
    "分类名称替换词": "oumeiju&guochanju&zongyi&dongman&dongzuopian&aiqingpian&kongbupian&kehuanpian&juqingpian&zhanzhengpian&jilupian",
    "筛选数据":"ext",
    "筛选子分类名称": "",
    "筛选子分类替换词": "",
    "筛选类型名称": "",
    "筛选类型替换词": "*",
    "筛选地区名称": "内地&韩国&台湾&美国&日本&韩国&泰国&新加坡&印度&德国&英国",
    "筛选地区替换词": "*",
    "筛选年份名称": "2022&2021&2020&2019&2018&2017&2016&2015&2014&2013&2012&2011&2010&2009&2008&2007&2006&2005&2004",
    "筛选年份替换词": "*",
    "筛选语言名称": "国语&英语&粤语&韩语&日语&法语德语&其他",
    "筛选语言替换词": "*",
    "筛选排序名称": "时间&人气&评分",
    "筛选排序替换词": "time&hits&score",
    "分类截取模式": "1",
    "分类列表数组规则": "body&&.mo-paxs-5px.mo-pamd-10px.mo-cols-info.mo-cols-xs4.mo-cols-sm3.mo-cols-lg2",
    "分类片单是否Jsoup写法": "1",
    "分类片单标题": ".mo-situ-name&&Text",
    "分类片单链接": "a&&href",
    "分类片单图片": "a&&data-original",
    "分类片单副标题": ".mo-situ-rema&&Text",
    "分类片单链接加前缀": "https://www.90r.cc",
    "分类片单链接加后缀": "",
    "搜索请求头参数": "User-Agent$MOBILE_UA",
    "搜索链接": "https://www.90r.cc/index.php/ajax/suggest?mid=1&wd={wd}&limit=50",
    "POST请求数据": "",
    "搜索截取模式": "0",
    "搜索列表数组规则": "list",
    "搜索片单是否Jsoup写法": "1",
    "搜索片单图片": "pic",
    "搜索片单标题": "name",
    "搜索片单链接": "id",
    "搜索片单副标题": "",
    "搜索片单链接加前缀": "https://www.90r.cc/voddetail/",
    "搜索片单链接加后缀": ".html",
   
    "链接是否直接播放": "0",
    "直接播放链接加前缀": "",
    "直接播放链接加后缀": "#isVideo=true#",
    "直接播放直链视频请求头": "",
    "详情是否Jsoup写法": "0",
    "类型详情": "分类:&nbsp;</span>&&</li>",
    "年代详情": "年份:&nbsp;</span>&&</li>",
    "地区详情": "地区:&nbsp;</span>&&</li>",
    "演员详情": "主演:&nbsp;</span>&&</li>",
    "简介详情": "class=\"mo-paxs-5px mo-ptxs-0px\">&&</div>",
    "线路列表数组规则": "body&&.mo-movs-btns",
    "线路标题": "Text",
    "播放列表数组规则": "body&&.mo-movs-item",
    "选集列表数组规则": "li",
    "选集标题链接是否Jsoup写法": "1",
    "选集标题": "a&&Text",
    "选集链接": "a&&href",
    "是否反转选集序列": "0",
    "选集链接加前缀": "https://www.90r.cc",
    "选集链接加后缀": "",
    "分析MacPlayer": "2",
    "是否开启手动嗅探": "0",
    "手动嗅探视频链接关键词": ".mp4#.m3u8#.flv",
    "手动嗅探视频链接过滤词": ".html#=http"
}