{
  "drives": [
    {"name": "杜比网盘","server": "https://dubi.tk"},
    {"name": "觸光网盘","server": "https://pan.ichuguang.com"},
    {"name": "小雅网盘","server": "http://alist.xiaoya.pro"},
    {"name": "小雅盘2","server": "http://alistxy.ganggang.live:5678"},
    {"name": "9T网盘","server":"https://drive.9t.ee"},
    {"name": "神族九帝","server": "https://alist.shenzjd.com"},
    {"name": "晴园宝库","server": "https://alist.52qy.repl.co"},
    {"name": "帥鵬网盘","server": "https://hi.shuaipeng.wang"},
    {"name": "星夢网盘","server": "https://pan.bashroot.top"},
    {"name": "SB网盘","server":"http://sbpan.tk"},
    {"name": "米奇网盘","server": "https://anime.mqmmw.ga"},
    {"name": "一只魚","server": "https://alist.youte.ml"},
    {"name": "七米藍","server": "https://al.chirmyram.com"},
    {"name": "雲播放","server": "https://quanzi.laoxianghuijia.cn"},
    {"name": "資源小站","server": "https://960303.xyz"}
  ]
}