{
    "规则名": "freeok",
    "规则作者": "2022.10.13",
    "请求头参数": "MOBILE_UA",
    "网页编码格式": "UTF-8",
    "图片是否需要代理": "否",
    "是否开启获取首页数据": "1",
    "首页推荐链接": "https://www.freeok.vip",
    "首页列表数组规则": "body&&.module-items:has(.module-item-pic)",
    "首页片单列表数组规则": ".module-item",
    "首页片单是否Jsoup写法": "1",
    "分类起始页码": "1",
    "分类链接": "https://www.freeok.vip/vodshow/{cateId}-{area}-{by}-{class}-{lang}----{catePg}---{year}.html",
    "分类名称": "电影&电视剧&综艺&动漫",
    "分类名称替换词": "1&2&4&3",
    //"筛选数据": {},
    "筛选数据": "ext",
    //{cateId}
    "筛选子分类名称": "",
    "筛选子分类替换词": "",
    //{class}
    "筛选类型名称": "动作&喜剧&爱情&科幻&剧情&悬疑&惊悚&恐怖&犯罪&谍战&冒险&奇幻&灾难&战争&动画&歌舞&历史&传记&其他||武侠&喜剧&爱情&剧情&青春&悬疑&科幻&军事&警匪&谍战&奇幻&偶像&年代&乡村&都市&家庭&古装&历史&神话&其他||脱口秀&真人秀&搞笑&访谈&生活&晚会&美食&游戏&亲子&旅游&文化&体育&时尚&纪实&益智&演艺&歌舞&播报&音乐&其他||热血&格斗&恋爱&少女&校园&搞笑&神魔&机战&科幻&真人&青春&魔法&神话&冒险&运动&竞技&童话&亲子&教育&励志&剧情&其他",
    "筛选类型替换词": "*",
    //{area}
    "筛选地区名称": "中国大陆&中国香港&中国台湾&美国&韩国&日本&法国&英国&德国&泰国&印度&西班牙&意大利&加拿大&其他||中国大陆&中国香港&中国台湾&美国&韩国&日本&法国&英国&德国&泰国&印度&其他||中国大陆&中国香港&中国台湾&美国&韩国&日本&法国&英国&德国&泰国&印度&其他||中国大陆&日本&美国&其他",
    "筛选地区替换词": "*",
    //{year}
    "筛选年份名称": "",
    "筛选年份替换词": "*",
    //{lang}
    "筛选语言名称": "国语&英语&粤语&韩语&日语",
    "筛选语言替换词": "*",
    //{by}
    "筛选排序名称": "时间排序&人气排序&评分排序",
    "筛选排序替换词": "time&hits&score",
    "分类截取模式": "1",
    "分类列表数组规则": ".module-items&&.module-item",
    "分类片单是否Jsoup写法": "是",
    "分类片单标题": ".module-poster-item-title&&Text",
    "分类片单链接": "a&&href",
    "分类片单图片": ".lazyload&&data-original||src",
    "分类片单副标题": ".module-item-note&&Text",
    "分类片单链接加前缀": "https://www.freeok.vip",
    "分类片单链接加后缀": "",
    "搜索请求头参数": "手机",
"搜索链接": "https://www.freeok.vip/index.php/ajax/suggest?mid=1&wd={wd}&limit=30",
"POST请求数据": "",
"搜索截取模式": "0",
"搜索列表数组规则": "list",
"搜索片单是否Jsoup写法": "1",
"搜索片单图片": "pic",
"搜索片单标题": "name",
"搜索片单链接": "id",
"搜索片单副标题": "",
"搜索片单链接加前缀": "https://www.freeok.vip/voddetail/",
"搜索片单链接加后缀": ".html",
    "链接是否直接播放": "否",
    "直接播放链接加前缀": "",
    "直接播放链接加后缀": "",
    "直接播放直链视频请求头": "",
    "详情是否Jsoup写法": "是",
    "类型详情": ".module-info-content&&.module-info-item,3&&Text",
    "年代详情": ".module-info-content&&.module-info-item,3&&Text",
    "地区详情": "",
    "演员详情": ".module-info-content&&.module-info-item,2&&Text",
    "简介详情": ".module-info-content&&.module-info-item&&Text",
    "线路列表数组规则": ".module-tab-items-box&&.module-tab-item",
    "线路标题": "Text",
    "播放列表数组规则": "body&&.module-play-list-content",
    "选集列表数组规则": "a",
    "选集标题链接是否Jsoup写法": "是",
    "选集标题": "a&&Text",
    "选集链接": "a&&href",
    "是否反转选集序列": "否",
    "选集链接加前缀": "https://www.freeok.vip",
    "选集链接加后缀": "",
    "分析MacPlayer": "否",
    "是否开启手动嗅探": "否",
    "手动嗅探视频链接关键词": ".mp4#.m3u8#.flv",
    "手动嗅探视频链接过滤词": ".html#=http"
}