{
    "规则名": "咕噜影院",
    "规则作者": "sm",
    "请求头参数": "User-Agent$Mozilla/5.0 (iPad; CPU OS 10_3_1 like Mac OS X) AppleWebKit/603.1.30 (KHTML, like Gecko) Version/10.0 Mobile/14E304 Safari/602.1",
    "网页编码格式": "UTF-8",
    "图片是否需要代理": "0",
    "是否开启获取首页数据": "1",
    "首页推荐链接": "http://freedream.one",
    "首页列表数组规则": "body&&.module-items",
    "首页片单列表数组规则": ".module-item",
    "首页片单是否Jsoup写法": "1",
    "分类起始页码": "1",
    "分类链接": "http://freedream.one/index.php/vod/show/area/{area}/class/{class}/id/{cateId}/lang/{lang}/page/{catePg}/year/{year}.html",    
    "分类名称": "电影&电视剧&综艺&动漫",
    "分类名称替换词": "1&2&3&4",
//  "筛选数据": {},
    "筛选数据": "ext",
    //{cateId}
    "筛选子分类名称": "",
    "筛选子分类替换词": "",
    //{class}
    "筛选类型名称": "喜剧&爱情&恐怖&动作&科幻&剧情&战争&纪录&警匪&犯罪&动画&奇幻&武侠&家庭&冒险&悬疑&传记&惊悚&伦理&青春&文艺&微电影&古装&历史&运动&歌舞&短片&创意&搞笑&广告&生活&MV&游戏&实验&写真&福利||古装&神话&战争&青春&偶像&言情&爱情&军旅&喜剧&武侠&家庭&都市&生活&谍战&警匪&犯罪&悬疑&动作&科幻&励志&奇幻&剧情&历史&伦理&情景&商战&网剧&其它||脱口秀&演唱会&真人秀&选秀&情感&访谈&播报&搞笑&旅游&音乐&美食&纪实&体育&曲艺&科教&养成&生活&游戏&音乐MTV&财经&亲子&职场&晚会||科幻&奇幻&热血&动画&剧情&推理&搞笑&冒险&悬疑&恋爱&治愈&魔幻&动作&机战&运动&战争&竞技&少女&社会&原创&亲子&益智&励志&其它",
    "筛选类型替换词": "*",
    //{area}
    "筛选地区名称": "大陆&香港&台湾&美国&法国&英国&日本&韩国&德国&泰国&印度&意大利&西班牙&加拿大&其它||大陆&韩国&香港&台湾&日本&美国&泰国&英国&新加坡&马来西亚&其它||大陆&香港&台湾&美国&英国&韩国&日本&泰国&新加坡&马来西亚&欧美||大陆&香港&台湾&日本&韩国&美国&英国&欧美&其它",
    "筛选地区替换词": "*",
    //{year}
    "筛选年份名称": "2023&2022&2021&2020&2019&2018&2017&2016&2015&2014&2013&2012&2011&2010&2009&2008&2007&2006&2005&2004&2003&2002&2001",
    "筛选年份替换词": "*",
    //{lang}
    "筛选语言名称": "国语&粤语&台语&英语&韩语&日语&闽南语&法语&德语&其它||国语&英语&粤语&台语&闽南语&韩语&日语&泰语&方言&其它||国语&英语&粤语&台语&韩语&日语&方言&其它||国语&英语&粤语&闽南语&韩语&日语&其它",
    "筛选语言替换词": "*",
    //{by}
    "筛选排序名称": "",
    "筛选排序替换词": "*",
    "分类截取模式": "1",
    "分类列表数组规则": "body&&.module-item",
    "分类片单是否Jsoup写法": "1",
    "分类片单标题": "a&&title",
    "分类片单链接": "a&&href",
    "分类片单图片": "img&&.lazy&&data-src",
    "分类片单副标题": ".module-item-text&&Text",
    "分类片单链接加前缀": "http://freedream.one",
    "分类片单链接加后缀": "",
    "搜索请求头参数": "User-Agent$Mozilla/5.0 (iPad; CPU OS 10_3_1 like Mac OS X) AppleWebKit/603.1.30 (KHTML, like Gecko) Version/10.0 Mobile/14E304 Safari/602.1",
    "搜索链接": "http://freedream.one/index.php/ajax/suggest.html?mid=1&wd={wd}",
    "POST请求数据": "",
    "搜索截取模式": "0",
    "搜索列表数组规则": "list",
    "搜索片单是否Jsoup写法": "1",
    "搜索片单图片": "pic",
    "搜索片单标题": "name",
    "搜索片单链接": "id",
    "搜索片单副标题": "",
    "搜索片单链接加前缀": "http://freedream.one/index.php/vod/detail/id/",
    "搜索片单链接加后缀": ".html", 
    "链接是否直接播放": "0",
    "直接播放链接加前缀": "",
    "直接播放链接加后缀": "#isVideo=true#",
    "直接播放直链视频请求头": "",
    "详情是否Jsoup写法": "0",
    "类型详情": "class=\"video-infoaux scroll-content\">&&</div>",
    "年代详情": "更新：</span>&&</div>",
    "地区详情": "上映：</span>&&</div>",
    "演员详情": "主演：</span>&&</div>",
    "简介详情": "剧情：</span>&&</div>",
    "线路列表数组规则": ".module-tab-items&&.module-tab-item",
    "线路标题": "span&&Text",
    "播放列表数组规则": "body&&.sort-item",
    "选集列表数组规则": "a",
    "选集标题链接是否Jsoup写法": "1",
    "选集标题": "a&&Text",
    "选集链接": "a&&href",
    "是否反转选集序列": "0",
    "选集链接加前缀": "http://freedream.one",
    "选集链接加后缀": "",
    "分析MacPlayer": "2",
    "是否开启手动嗅探": "0",
    "手动嗅探视频链接关键词": ".m3u8#.mp4",
    "手动嗅探视频链接过滤词": ".html#=http#=https"
}