{
    "规则名": "兰花影院",
    "规则作者": "tx",
    "请求头参数": "User-Agent$PC_UA#Referer$WebView",
    "网页编码格式": "UTF-8",
    "图片是否需要代理": "0",
    "是否开启获取首页数据": "1",
    "首页推荐链接": "https://www.lanhua.tv",
    "首页列表数组规则": "body&&.cbox_list,0:1:3:",
    "首页片单列表数组规则": "li",
    "首页片单是否Jsoup写法": "1",
    "分类起始页码": "1",
    "分类链接": "https://www.lanhua.tv/vodshow/{cateId}-{area}-{by}-{class}-----{catePg}---{year}.html",    
    "分类名称": "电影&电视剧&综艺&动漫",
    "分类名称替换词": "1&2&3&4",
    "筛选数据": "ext",
    //{cateId}
    "筛选子分类名称": "动作片&喜剧片&爱情片&科幻片&剧情片&悬疑片&惊悚片&恐怖片&犯罪片&冒险片&奇幻片&灾难片&战争片&动画片&歌舞片&历史片&传记片&其他片||国产剧&日韩剧&欧美剧&港台剧&海外剧&其他剧||",
    "筛选子分类替换词": "101&102&103&104&105&106&107&108&109&111&112&113&114&115&116&117&118&119||201&203&204&202&205&206||",
    //{class}
    "筛选类型名称": "剧情&悬疑&动作&喜剧&爱情&科幻&惊悚&恐怖&犯罪&谍战&冒险&奇幻&灾难&战争&动画&歌舞&历史&传记&纪录&其他||剧情&悬疑&爱情&都市&古装&武侠&神话&喜剧&青春&科幻&军事&警匪&谍战&奇幻&偶像&年代&乡村&家庭&历史&其他||脱口秀&真人秀&搞笑&访谈&生活&美食&亲子&旅游&文化&体育&时尚&纪实&益智&演艺&歌舞&音乐&其他||热血&格斗&恋爱&美少女&校园&搞笑&机战&科幻&青春&魔法&神话&冒险",
    "筛选类型替换词": "*",
    //{area}
    "筛选地区名称": "中国大陆&中国香港&中国台湾&美国&韩国&日本&法国&英国&德国&泰国&印度&其他",
    "筛选地区替换词": "*",
    //{year}
    "筛选年份名称": "",
    "筛选年份替换词": "*",
    //{lang}
    "筛选语言名称": "",
    "筛选语言替换词": "*",
    //{by}
    "筛选排序名称": "时间排序&人气排序&评分排序",
    "筛选排序替换词": "time&hits&score",
    "分类截取模式": "1",
    "分类列表数组规则": ".vodlist&&li",
    "分类片单是否Jsoup写法": "1",
    "分类片单标题": "a&&title",
    "分类片单链接": "a&&href",
    "分类片单图片": ".lazyload&&data-original",
    "分类片单副标题": ".pic_text&&Text",
    "分类片单链接加前缀": "https://www.lanhua.tv",
    "分类片单链接加后缀": "",
    "搜索请求头参数": "User-Agent$PC_UA",
    "搜索链接": "https://www.lanhua.tv/vodsearch/-------------.html?wd={wd}&submit=",
    "POST请求数据": "searchword={wd}",
    "搜索截取模式": "1",
    "搜索列表数组规则": ".vodlist&&li",
    "搜索片单是否Jsoup写法": "1",
    "搜索片单图片": ".lazyload&&data-original",
    "搜索片单标题": "a&&title",
    "搜索片单链接": "a&&href",
    "搜索片单副标题": ".pic_text&&Text",
    "搜索片单链接加前缀": "https://www.lanhua.tv",
    "搜索片单链接加后缀": "",
    "链接是否直接播放": "0",
    "直接播放链接加前缀": "",
    "直接播放链接加后缀": "#isVideo=true#",
    "直接播放直链视频请求头": "",
    "详情是否Jsoup写法": "1",
    "类型详情": ".data,0&&a,3&&Text",
    "年代详情": ".data,0&&a,0&&Text",
    "地区详情": ".data,0&&a,1&&Text",
    "演员详情": ".data,2&&Text!主演：",
    "简介详情": ".content_desc,1&&span,0&&Text",
    "线路列表数组规则": "#NumTab&&a",
    "线路标题": "Text!",
    "播放列表数组规则": "body&&.content_playlist",
    "选集列表数组规则": "li",
    "选集标题链接是否Jsoup写法": "1",
    "选集标题": "a&&Text",
    "选集链接": "a&&href",
    "是否反转选集序列": "0",
    "选集链接加前缀": "https://www.lanhua.tv",
    "选集链接加后缀": "",
    "分析MacPlayer": "2",
    "是否开启手动嗅探": "0",
    "手动嗅探视频链接关键词": ".mp4#.m3u8#.flv",
    "手动嗅探视频链接过滤词": ".html#=http"
}