{
    "规则名": "奈飞影院",
    "规则作者": "tx",
    "请求头参数": "User-Agent$PC_UA",
    "网页编码格式": "UTF-8",
    "图片是否需要代理": "0",
    "是否开启获取首页数据": "1",
    "分类起始页码": "1",
    "分类链接": "https://www.naifei8.com/show-{cateId}-{area}-{by}-{class}-----{catePg}---{year}.html",
    "分类名称": "电影&电视剧&综艺&动漫",
    "分类名称替换词": "dianying&dianshiju&zongyi&dongman",
    "筛选数据": "ext",
    //{cateId}
    "筛选子分类名称": "",
    "筛选子分类替换词": "*",
    //{class}
    "筛选类型名称": "Netflix&喜剧&爱情&恐怖&动作&科幻&剧情&战争&警匪&犯罪&动画&奇幻&武侠||Netflix&古装&战争&青春偶像&喜剧&家庭&犯罪&动作&奇幻&剧情&历史&经典&乡村&情景&商战&网剧&其他||Netflix&选秀&情感&访谈&播报&旅游&音乐&美食&纪实&曲艺&生活&游戏互动&财经||Netflix&情感&科幻&热血&推理&搞笑&冒险&萝莉&校园&动作&机战&运动&战争",
    "筛选类型替换词": "*",
    //{area}
    "筛选地区名称": "中国大陆&中国香港&中国台湾&美国&法国&英国&日本&韩国&德国&泰国&印度&意大利&西班牙||中国大陆&中国香港&中国台湾&韩国&日本&美国&泰国&英国&新加坡&其他||中国大陆&中国香港&中国台湾&美国&法国&英国&日本&韩国&德国&泰国&印度&意大利&西班牙||中国大陆&中国香港&中国台湾&美国&法国&英国&日本&韩国&德国&泰国&印度&意大利&西班牙&加拿大",
    "筛选地区替换词": "*",
    //{year}
    "筛选年份名称": "2023&2022&2021&2020&2019&2018&2017&2016&2015&2014&2013&2012&2011&2010&2009&2008&2006&2005&2004&2003&2002&2001",
    "筛选年份替换词": "*",
    //{lang}
    "筛选语言名称": "",
    "筛选语言替换词": "*",
    //{by}
    "筛选排序名称": "",
    "筛选排序替换词": "*",
    "分类截取模式": "1",
    "分类列表数组规则": ".stui-vodlist&&li",
    "分类片单是否Jsoup写法": "1",
    "分类片单标题": ".lazyload&&title",
    "分类片单链接": "a&&href",
    "分类片单图片": ".lazyload&&data-original",
    "分类片单副标题": "h4&&p&&Text",
    "分类片单链接加前缀": "https://www.naifei8.com",
    "分类片单链接加后缀": "",
    "搜索请求头参数": "User-Agent$MOBILE_UA",
    "搜索链接": "https://www.naifei8.com/index.php/ajax/suggest.html?mid=1&wd={wd}",
    "POST请求数据": "searchword={wd}",
    "搜索截取模式": "0",
    "搜索列表数组规则": "list",
    "搜索片单是否Jsoup写法": "1",
    "搜索片单图片": "pic",
    "搜索片单标题": "name",
    "搜索片单链接": "id",
    "搜索片单副标题": "",
    "搜索片单链接加前缀": "https://www.naifei8.com/play-",
    "搜索片单链接加后缀": "-1-1.html",  
    "链接是否直接播放": "0",
    "直接播放链接加前缀": "",
    "直接播放链接加后缀": "#isVideo=true#",
    "直接播放直链视频请求头": "authority$ku.peizq.online#Referer$https://play.peizq.online",
    "详情是否Jsoup写法": "0",
    "类型详情": "类型：</span>&&</p>",
    "年代详情": "更新：</span>&&</p>",
    "地区详情": "",
    "演员详情": "主演：</span>&&</p>",
    "简介详情": "简介：&&</p>",
    "线路列表数组规则": "body&&.tab-top&&li",
    "线路标题": "Text",
    "播放列表数组规则": "body&&.stui-play__list",
    "选集列表数组规则": "li",
    "选集标题链接是否Jsoup写法": "1",
    "选集标题": "a&&Text",
    "选集链接": "a&&href",
    "是否反转选集序列": "0",
    "选集链接加前缀": "https://www.naifei8.com",
    "选集链接加后缀": "",
    "分析MacPlayer": "0", 
    "是否开启手动嗅探": "0", 
    "手动嗅探视频链接关键词": ".m3u8#.mp4#.flv", 
    "手动嗅探视频链接过滤词": ".html#=http#=https"
}