{
    "规则名": "",
    "请求头参数": "User-Agent$手机",
    "网页编码格式": "UTF-8",
    "图片是否需要代理": "1",
    "是否开启获取首页数据": "1",
    "首页推荐链接": "https://www.viplanguang.com",
    "首页列表数组规则": "body&&.module",
    "首页片单列表数组规则": ".module-item-pic",
    "首页片单是否Jsoup写法": "1",
    "分类起始页码": "1",
    "分类链接": "https://www.viplanguang.com/index.php/vod/show/id/{cateId}/page/{catePg}.html",
    "分类名称": "电影&连续剧&动漫&综艺&B站",
    "分类名称替换词": "55&72&78&80&82",
    "筛选数据": "ext",
    "筛选子分类名称": "动作片&喜剧片&爱情片&科幻片&恐怖片&剧情片&战争片&惊悚片&犯罪片&冒险篇&动画片&悬疑片&武侠片&奇幻片&纪录片&其他片||国产剧&港台剧&欧美剧&日韩剧&其他剧||动漫||综艺||番剧（B站）&国创（B站）&电影（B站）&电视剧（B站）",
    "筛选子分类替换词": "56&57&58&59&60&61&62&63&64&65&66&67&68&69&70&71||73&74&75&76&77||79||81||83&84&85&86",
    "分类截取模式": "1",
    "分类列表数组规则": "body&&.module-item-pic",
    "分类片单是否Jsoup写法": "1",
    "分类片单标题": "a&&title",
    "分类片单链接": "a&&href",
    "分类片单图片": ".lazyloaded&&data-src",
    "分类片单副标题": ".module-item-text&&Text",
    "分类片单链接加前缀": "https://www.viplanguang.com",
    "分类片单链接加后缀": "",
    "搜索请求头参数": "User-Agent$手机",
    "搜索链接": "https://www.viplanguang.com/index.php/vod/search.html?wd={wd}",
    "POST请求数据": "wd={wd}",
    "搜索截取模式": "0",
    "搜索列表数组规则": ".module-list",
    "搜索片单是否Jsoup写法": "1",
    "搜索片单图片": "pic",
    "搜索片单标题": "name",
    "搜索片单链接": "id",
    "搜索片单副标题": "",
    "搜索片单链接加前缀": "https://www.viplanguang.com/index.php/vod/",
    "搜索片单链接加后缀": ".html",
    "链接是否直接播放": "0",
    "直接播放链接加前缀": "",
    "直接播放链接加后缀": "#isVideo=true#",
    "直接播放直链视频请求头": "authority$ku.peizq.online#Referer$https://play.peizq.online",
    "详情是否Jsoup写法": "0",
    "类型详情": "",
    "年代详情": "",
    "地区详情": "更新：</span>&&</div>",
    "演员详情": "主演：</span>&&</div>",
    "简介详情": "剧情：&&</div>",
    "线路列表数组规则": "body&&.module-tab-item",
    "线路标题": "span&&Text",
    "播放列表数组规则": "body&&.module-blocklist",
    "选集列表数组规则": "a",
    "选集标题链接是否Jsoup写法": "1",
    "选集标题": "span&&Text",
    "选集链接": "a&&href",
    "是否反转选集序列": "0",
    "选集链接加前缀": "https://www.viplanguang.com",
    "选集链接加后缀": "",
    "分析MacPlayer": "2",
    "是否开启手动嗅探": "0",
    "手动嗅探视频链接关键词": "mp4#.m3u8",
    "手动嗅探视频链接过滤词": "html#=http#=https"
}