{
    "规则名": "小狗影院",
    "规则作者": "sm",
    "请求头参数": "手机",
    "网页编码格式": "UTF-8",
    "图片是否需要代理": "0",
    "是否开启获取首页数据": "1",
    "首页推荐链接": "https://pupvod.com",
    "首页列表数组规则": ".myui-vodlist.clearfix&&li",
    "首页片单列表数组规则": ".myui-vodlist__box",
    "首页片单是否Jsoup写法": "1",
    "分类起始页码": "1",
    "分类链接": "https://pupvod.com/pupshow/{cateId}{area}pp{class}p{lang}pppp{catePg}ppp{year}.html",
    "分类名称": "电影&电视剧&综艺&动漫&体育赛事&国创&番剧",
    "分类名称替换词": "moviep&TVshowp&Varietyp&Animep&tiyup&cnp&Fanjup",
    //"筛选数据": {},
    "筛选数据": "ext",
    //{cateId}
    "筛选子分类名称": "空||空||空||空||空||国创&番剧||国创&番剧",
    "筛选子分类替换词": "||空||空||空||cnppppppppppp&Fanjuppppppppppp||空||cnppppppppppp&Fanjuppppppppppp||cnppppppppppp&Fanjuppppppppppp",
    //{class}
    "筛选类型名称": "剧情&喜剧&爱情&恐怖&动作&科幻&剧情&战争&警匪&犯罪&动画&奇幻&武侠&冒险&枪战&恐怖&悬疑&惊悚&经典&青春&文艺&微电影&古装&历史&运动&农村&儿童&网络电影&伦理&纪录片&体育赛事&短片&电影解说||剧情&偶像&爱情&言情&古装&历史&玄幻&谍战&历险&都市&科幻&军旅&喜剧&武侠&江湖&罪案&青春&家庭&战争&悬疑&穿越&宫廷&神话&商战&警匪&动作&惊悚&剧情&同性&奇幻||剧情&综艺&选秀&情感&访谈&播报&旅游&音乐&美食&纪实&曲艺&生活&游戏互动&财经&求职&脱口秀&真人秀||剧情&里番&原创&漫画改&小说改&游戏改&特摄&布袋戏&热血&穿越&奇幻&战斗&搞笑&日常&科幻&萌系&治愈&校园&少儿&泡面&恋爱&少女&魔法&冒险&历史&架空&机战&神魔&声控&运动&励志&音乐&推理&社团&智斗&催泪&美食&偶像&乙女&职场||剧情&足球&篮球&世界杯&斯诺克||剧情&原创&漫画改&小说改&游戏改&特摄&布袋戏&热血&穿越&奇幻&战斗&搞笑&日常&科幻&萌系&治愈&校园&少儿&泡面&恋爱&少女&魔法&冒险&历史&架空&机战&神魔&声控&运动&励志&音乐&推理&社团&智斗&催泪&美食&偶像&乙女&职场||剧情&原创&漫画改&小说改&游戏改&特摄&布袋戏&热血&穿越&奇幻&战斗&搞笑&日常&科幻&萌系&治愈&校园&少儿&泡面&恋爱&少女&魔法&冒险&历史&架空&机战&神魔&声控&运动&励志&音乐&推理&社团&智斗&催泪&美食&偶像&乙女&职场",
    "筛选类型替换词": "*",
    //{area}
    "筛选地区名称": "地区&大陆&香港&台湾&美国&法国&英国&日本&韩国&德国&泰国&印度&意大利&西班牙&加拿大&其他||地区&大陆&香港&台湾&美国&韩国&日本&泰国&新加坡&马来西亚&印度&英国&法国&加拿大&西班牙&俄罗斯&其它||地区&大陆&香港&台湾&美国&韩国&日本&泰国&新加坡&马来西亚&印度&英国&法国&加拿大&西班牙&俄罗斯&其它||地区&大陆&香港&台湾&美国&韩国&日本&泰国&新加坡&马来西亚&印度&英国&法国&加拿大&西班牙&俄罗斯&其它||地区&大陆&香港&台湾&美国&韩国&日本&泰国&新加坡&马来西亚&印度&英国&法国&加拿大&西班牙&俄罗斯&其它||地区&大陆&香港&台湾&美国&韩国&日本&泰国&新加坡&马来西亚&印度&英国&法国&加拿大&西班牙&俄罗斯&其它||地区&大陆&香港&台湾&美国&韩国&日本&泰国&新加坡&马来西亚&印度&英国&法国&加拿大&西班牙&俄罗斯&其它",
    "筛选地区替换词": "*",
    //{year}
    "筛选年份名称": "年份&2023&2022&2021&2020&2019&2018&2017&2016&2015&2014&2013&2012&2011&2010&2009&2008&2007&2006&2005&2004&2003&2002&2001&2000||年份&2023&2022&2021&2020&2019&2018&2017&2016&2015&2014&2013&2012&2011&2010&2009&2008&2007&2006&2005&2004&2003&2002&2001&2000||年份&2023&2022&2021&2020&2019&2018&2017&2016&2015&2014&2013&2012&2011&2010&2009&2008&2007&2006&2005&2004&2003&2002&2001&2000||年份&2023&2022&2021&2020&2019&2018&2017&2016&2015&2014&2013&2012&2011&2010&2009&2008&2007&2006&2005&2004&2003&2002&2001&2000||空||年份&2023&2022&2021&2020&2019&2018&2017&2016&2015&2014&2013&2012&2011&2010&2009&2008&2007&2006&2005&2004&2003&2002&2001&2000||年份&2023&2022&2021&2020&2019&2018&2017&2016&2015&2014&2013&2012&2011&2010&2009&2008&2007&2006&2005&2004&2003&2002&2001&2000",
    "筛选年份替换词": "*",
    //{lang}
    "筛选语言名称": "语言&国语&英语&粤语&闽南语&韩语&日语&法语&德语&其它||语言&国语&英语&粤语&闽南语&韩语&日语&法语&德语&其它||语言&国语&英语&粤语&闽南语&韩语&日语&其它||语言&国语&英语&粤语&闽南语&韩语&日语&法语&德语&其它语言&国语&英语&粤语&闽南语&韩语&日语&法语&德语&其它||语言&国语&英语&粤语&闽南语&韩语&日语&法语&德语&其它||语言&国语&英语&粤语&闽南语&韩语&日语&法语&德语&其它",
    "筛选语言替换词": "*",
    //{by}
    "筛选排序名称": "时间&人气&评分",
    "筛选排序替换词": "time&hits&score",
    "分类截取模式": "1",
    "分类列表数组规则": ".myui-vodlist.clearfix&&.col-lg-8.col-md-6.col-sm-4.col-xs-3",
    "分类片单是否Jsoup写法": "1",
    "分类片单标题": "a&&title",
    "分类片单链接": "a&&href",
    "分类片单图片": "a&&data-original",
    "分类片单副标题": ".pic-text.text-right&&Text",
    "分类片单链接加前缀": "https://pupvod.com",
    "分类片单链接加后缀": "",
    "搜索请求头参数": "User-Agent$手机",
    "搜索链接": "https://pupvod.com/pupsearch/ppppppppppppp.html?wd={wd}&submit=",
    "POST请求数据": "",
    "搜索截取模式": "1",
    "搜索列表数组规则": ".myui-vodlist__media.clearfix&&li",
    "搜索片单是否Jsoup写法": "1",
    "搜索片单图片": "a&&data-original",
    "搜索片单标题": "a&&title",
    "搜索片单链接": "a&&href",
    "搜索片单副标题": ".pic-text.text-right&&Text",
    "搜索片单链接加前缀": "https://pupvod.com",
    "搜索片单链接加后缀": "",
    "链接是否直接播放": "0",
    "直接播放链接加前缀": "",
    "直接播放链接加后缀": "",
    "直接播放直链视频请求头": "",
    "详情是否Jsoup写法": "0",
    "类型详情": "分类：</span>&&</p>",
    "年代详情": "更新：</span>&&</p>",
    "地区详情": "评分：</span>&&</p>",
    "演员详情": "主演：</span>&&</p>",
    "简介详情": "简介：</span>&&</div>",
    "线路列表数组规则": ".nav.nav-tabs&&li",
    "线路标题": "a&&Text",
    "播放列表数组规则": "body&&.myui-content__list.scrollbar.sort-list.clearfix",
    "选集列表数组规则": "li",
    "选集标题链接是否Jsoup写法": "1",
    "选集标题": "a&&Text",
    "选集链接": "a&&href",
    "是否反转选集序列": "0",
    "选集链接加前缀": "https://pupvod.com",
    "选集链接加后缀": "",
    "分析MacPlayer": "2",
    "是否开启手动嗅探": "0",
    "手动嗅探视频链接关键词": ".mp4#.m3u8#.flv",
    "手动嗅探视频链接过滤词": ".html#=http"
}